SOURCE	FREQ	QATAR-RELATED?	TYPE
wikipedia.org	101	no	reputed-source
pinterest.com	93	no	forum-type
issuu.com	89	no	reputed-source
dohanews.co	56	yes	reputed-source
dailymail.co.uk	55	no	reputed-source
scribd.com	54	no	reputed-source
onlineqatar.com	46	yes	reputed-source
gulfnews.com	45	yes	reputed-source
wikitravel.org	44	no	reputed-source
blogspot.com	42	no	forum-type
state.gov	31	no	reputed-source
tripadvisor.com	30	no	forum-type
theguardian.com	30	no	reputed-source
gulf-times.com	24	yes	reputed-source
drivers.com	21	no	others
expatforum.com	21	no	forum-type
linkedin.com	20	no	forum-type
dubaifaqs.com	20	no	reputed-source
lifeinqatar.com	20	yes	reputed-source
boardingarea.com	20	no	others
dubai.ae	19	no	reputed-source
telegraph.co.uk	19	no	reputed-source
mashreqbank.com	18	yes	others
justlanded.com	17	no	forum-type
cic.gc.ca	17	no	reputed-source
expatwoman.com	17	no	reputed-source
archive.org	14	no	others
google.com.au	14	no	others
qatarairways.com	14	yes	reputed-source
wikivoyage.org	14	no	reputed-source
immihelp.com	13	no	reputed-source
mtset.ru	12	no	reputed-source
bq-magazine.com	12	yes	reputed-source
presentaplaque.com	12	no	reputed-source
diytrade.com	12	no	others
wordpress.com	12	no	others
google.com	12	no	others
ooredoo.com.kw	12	no	reputed-source
axs.com	12	no	others
zomato.com	11	no	forum-type
greensblueflame.com	11	no	reputed-source
facebook.com	11	no	forum-type
ooredoo.qa	11	yes	reputed-source
gov.uk	11	no	reputed-source
yahoo.com	11	no	others
sc.com	10	no	reputed-source
nytimes.com	10	no	reputed-source
qcharity.org	10	yes	reputed-source
iloveqatar.net	10	yes	forum-type
justhere.qa	10	yes	reputed-source
ufl.edu	10	no	reputed-source
zawya.com	10	yes	reputed-source
thenational.ae	9	no	reputed-source
nih.gov	9	no	reputed-source
usatoday.com	9	no	reputed-source
aaa.com	9	no	reputed-source
thefreedictionary.com	9	no	others
usa.gov	9	no	reputed-source
islamicbanking.info	9	no	reputed-source
theemiratesnetwork.com	9	no	reputed-source
qatarisbooming.com	8	yes	reputed-source
hsbc.ca	8	no	reputed-source
ad2up.com	8	no	others
matadornetwork.com	8	no	reputed-source
gulfbusiness.com	8	yes	reputed-source
quora.com	8	no	forum-type
emirates247.com	8	no	reputed-source
migrant-rights.org	8	yes	reputed-source
uscis.gov	8	no	reputed-source
allcustomercarenumbers.net	8	no	others
glassdoor.com	7	no	reputed-source
reddit.com	7	no	forum-type
cnn.com	7	no	reputed-source
tripadvisor.ca	7	no	forum-type
ooredoo.mv	7	no	reputed-source
carrefourqatar.com	7	yes	reputed-source
samba.com	7	no	reputed-source
socialplex.com	7	no	others
turnergas.com	7	no	reputed-source
reuters.com	7	no	reputed-source
quizlet.com	7	no	others
compareit4me.com	7	no	others
daijiworld.com	7	no	forum-type
gulftalent.com	7	yes	forum-type
ooredoo.om	7	no	reputed-source
tripadvisor.co.uk	7	no	forum-type
driverabroad.com	7	no	others
youtube.com	7	no	forum-type
pprune.org	6	no	forum-type
tripadvisor.com.au	6	no	forum-type
moveoneinc.com	6	yes	reputed-source
migrationpolicy.org	6	no	reputed-source
airbnb.com	6	no	forum-type
babylonfloral.com	6	no	reputed-source
who.int	6	no	reputed-source
wife.org	6	no	reputed-source
tomsguide.com	6	no	others
emirates.com	6	no	reputed-source
creamies.com	6	no	reputed-source
utsavfashion.com	6	no	reputed-source
vodafail.com	6	no	forum-type
consumeraffairs.com	6	no	others
expatarrivals.com	6	no	forum-type
stackexchange.com	6	no	forum-type
hziegler.com	6	no	reputed-source
rutgers.edu	6	no	reputed-source
villaggioqatar.com	6	yes	reputed-source
chabad.org	6	no	reputed-source
ebay.com	6	no	forum-type
africanfarmdiversity.net	6	no	reputed-source
internations.org	6	no	forum-type
hrw.org	5	no	reputed-source
landmarkdoha.com	5	yes	reputed-source
expatfocus.com	5	no	forum-type
yelp.com	5	no	forum-type
doingbusinessguide.co.uk	5	no	reputed-source
seatguru.com	5	no	forum-type
hubpages.com	5	no	forum-type
johnlewis.com	5	no	forum-type
thefullwiki.org	5	no	others
foursquare.com	5	no	forum-type
academia.edu	5	no	reputed-source
ca.gov	5	no	reputed-source
stanford.edu	5	no	reputed-source
qatarmap.org	5	yes	reputed-source
booking.com	5	no	forum-type
indiatimes.com	5	no	others
inside.com	5	no	reputed-source
wanderwisdom.com	5	no	reputed-source
marhaba.qa	5	yes	reputed-source
expat.com	5	no	forum-type
wamda.com	5	yes	reputed-source
amazon.com	5	no	forum-type
un.org	5	no	reputed-source
dubaiemploymenttips.com	5	no	forum-type
qtelsolutions.com	5	no	reputed-source
slideshare.net	5	no	forum-type
weather.com	5	no	reputed-source
angloinfo.com	5	no	forum-type
huffingtonpost.com	5	no	reputed-source
nolo.com	5	no	reputed-source
fas.org	5	no	reputed-source
suprtickets.com	4	no	others
olx.ph	4	no	forum-type
fedesarrollo.org.co	4	no	reputed-source
dearcupid.org	4	no	forum-type
thrifty.com	4	yes	reputed-source
indeed.com	4	no	others
flickr.com	4	no	forum-type
alumarine-shipyard.com	4	no	reputed-source
orderstation.de	4	no	others
apple.com	4	no	reputed-source
expatinfodesk.com	4	no	reputed-source
yellowpages.ca	4	no	reputed-source
ooredoo.com	4	no	reputed-source
hkd76.com	4	yes	reputed-source
pinayflyinghigh.com	4	no	forum-type
dawn.com	4	yes	reputed-source
daralsalam-mall.com	4	yes	reputed-source
timeanddate.com	4	no	reputed-source
expatechodubai.com	4	no	forum-type
pravdareport.com	4	no	reputed-source
smithsonianmag.com	4	no	reputed-source
webmd.com	4	no	reputed-source
expressen.se	4	no	reputed-source
greataupair.com	4	no	forum-type
hydeparkgroup.com	4	no	others
tribune.com.pk	4	no	reputed-source
tensorflow.org	4	no	reputed-source
zameen.com	4	no	others
inyourpocket.com	4	no	forum-type
internationalstudentinsurance.com	4	no	reputed-source
luminofoodfarms.com	4	no	reputed-source
arabianbusiness.com	4	yes	reputed-source
edotek.co.uk	4	no	forum-type
aspirezone.qa	4	yes	reputed-source
bbc.co.uk	4	no	reputed-source
geek.com	4	no	reputed-source
bitstew.com	4	no	reputed-source
thehindu.com	4	no	reputed-source
mit.edu	4	no	reputed-source
mpg.de	4	no	reputed-source
ikea.com	4	yes	reputed-source
uvm.edu	4	no	reputed-source
worldnomads.com	4	no	forum-type
experienceproject.com	4	no	forum-type
acer.com	4	no	reputed-source
princeton.edu	4	no	reputed-source
squarespace.com	4	no	others
edu.qa	4	yes	reputed-source
hamad.qa	3	yes	reputed-source
tripadvisor.in	3	no	forum-type
mts.ua	3	no	others
cdc.gov	3	no	reputed-source
ituc-csi.org	3	no	reputed-source
lse.ac.uk	3	no	reputed-source
sorethumbsblog.com	3	no	reputed-source
practicalcryptography.com	3	no	reputed-source
apartmenttherapy.com	3	no	reputed-source
twitter.com	3	no	forum-type
essayerudite.com	3	no	others
thepointsguy.com	3	no	forum-type
cabincrewexcellence.com	3	no	reputed-source
arabnews.com	3	yes	reputed-source
well-labs.com	3	no	reputed-source
thebalance.com	3	no	reputed-source
redplanet.travel	3	no	forum-type
newyorker.com	3	no	reputed-source
patient.info	3	no	forum-type
anywhere.com	3	no	forum-type
dmv.org	3	no	forum-type
carrefour.com	3	no	reputed-source
cisco.com	3	no	reputed-source
gnc.com	3	no	reputed-source
wikihow.com	3	no	reputed-source
international.gc.ca	3	no	reputed-source
getoutofdebt.org	3	no	others
qcri.org	3	yes	reputed-source
hotels.com	3	yes	forum-type
dohahamadairport.com	3	yes	reputed-source
monster.com	3	yes	forum-type
payscale.com	3	no	reputed-source
united.com	3	no	reputed-source
military.com	3	no	reputed-source
airtel.in	3	no	reputed-source
illustradolife.com	3	no	reputed-source
hawaiicarrentals.net	3	no	others
pbs.org	3	no	reputed-source
carrefouruae.com	3	no	reputed-source
hsbc.ae	3	no	reputed-source
cellkraft.se	3	no	reputed-source
ummah.com	3	no	forum-type
cra.gov.qa	3	yes	reputed-source
nh.gov	3	no	reputed-source
nricafe.com	3	yes	reputed-source
careerjet.com.qa	3	yes	others
flyertalk.com	3	no	forum-type
wiley.com	3	no	reputed-source
uber.com	3	no	reputed-source
thegfp.com	3	no	reputed-source
independent.co.uk	3	no	reputed-source
rigzone.com	3	no	others
va.gov	3	no	reputed-source
oilandgaspeople.com	3	no	forum-type
anycustomercarenumbers.com	3		
expatcareers.com	3		
manchester.ac.uk	3	no	reputed-source
encyclopedia.com	3	no	reputed-source
hc-sc.gc.ca	3		
cc.com	3		
expedia.com	3	no	others
bankrate.com	3		
columbia.edu	3	no	reputed-source
homeobook.com	3		
qatarlaborlaw.com	3	yes	reputed-source
centerpointshops.com	3		
wsu.edu	3		
greencardfamily.com	3		
pamelageller.com	3		
vox.com	3		
visaprocess.ae	2		
javahacker.com	2		
oneworld.com	2		
aspire.qa	2		
zerohedge.com	2		
napierera.com	2		
diapers.com	2		
simpsonsworld.com	2		
nomadicmatt.com	2		
kidsfirstgroup.com	2		
landmarktheatres.com	2		
foreignborn.com	2		
alamo.co.uk	2		
drugs.com	2		
shakeshack.com	2		
imdb.com	2		
flightsearchnow.com	2		
wikia.com	2		
lawandborder.com	2		
usatourist.com	2		
tripod.com	2		
qppstudio.net	2		
patriciamcconnell.com	2		
health.gov.au	2		
chron.com	2		
vjv.com	2		
travel.gc.ca	2		
christiananswers.net	2		
wandermustfamily.com	2		
ssa.gov	2		
lw.com	2		
wtca.org	2		
norvig.com	2		
eventsdoha.com	2		
al-monitor.com	2		
job-applications.com	2		
mdickens.me	2		
cbq.qa	2		
stripes.com	2		
paylesscar.com	2		
tipformanhealth.com	2		
dokidoki.ne.jp	2		
state.nj.us	2		
visit-dubai-city.com	2		
forumjar.com	2		
wahyuinqatar.com	2		
cmu.edu	2		
qmacuser.com	2		
att.com	2		
cbslocal.com	2		
80000hours.org	2		
liveuamap.com	2		
michigan.gov	2		
publicbookshelf.com	2		
airbnb.it	2		
titech.ac.jp	2		
idl-iaa.com	2		
starlinkworld.com	2		
aafp.org	2		
rover.com	2		
thechennaisilks.com	2		
addressofcustomerservicenumber.com	2		
topuniversities.com	2		
myjobmag.com	2		
iaea.org	2		
embassy-finder.com	2		
jpost.com	2		
tripadvisor.com.hk	2		
warwickhotels.com	2		
dohabank.in	2		
visainchina.com	2		
vodafone.qa	2		
wma.net	2		
mylittlenorway.com	2		
popsugar.com	2		
prometric.com	2		
fda.gov	2		
wellnessmama.com	2		
h1base.com	2		
city-data.com	2		
dell.com	2		
army.mil	2		
indianembassyqatar.gov.in	2		
cancertutor.com	2		
excampionites.com	2		
thesefootballtimes.co	2		
theaa.com	2		
healthline.com	2		
microsoft.com	2		
af.mil	2		
thenewlandmark.com	2		
mercola.com	2		
europcar.com	2		
theoilandgasyear.com	2		
ontario.ca	2		
moph.gov.qa	2		
toysrus.com	2		
mellis.org	2		
portal.gov.qa	2		
bhekisisa.org	2		
iwillteachyoutoberich.com	2		
etradesupply.com	2		
yuvasaisagar.com	2		
canadavisa.com	2		
onlinejobs.ph	2		
visitflorida.com	2		
lonelyplanet.com	2		
gettingaroundgermany.info	2		
about.com	2		
zugdidi.us	2		
ri.gov	2		
ibtimes.com	2		
nextcarrental.com	2		
teamusa.org	2		
care.com	2		
angieslist.com	2		
aljazeera.com	2		
aparsai.ca	2		
freerangekids.com	2		
sbs.com.au	2		
theverge.com	2		
swedenroadtrip.com	2		
lifeonthespot.com	2		
salary.com	2		
gaisma.com	2		
madamenoire.com	2		
ucl.ac.uk	2		
vice.com	2		
naturalremedyfored.com	2		
schengenvisainfo.com	2		
khaleejtimes.com	2		
britishairways.com	2		
ndtv.com	2		
bankerinthesun.com	2		
howtogermany.com	2		
mallofqatar.com.qa	2		
dubizzle.com	2		
umich.edu	2		
manoramaonline.com	2		
upwork.com	2		
ny.gov	2		
ledsmagazine.com	2		
limaeasy.com	2		
trustpilot.com	2		
applynclex.com	2		
faia.com	2		
qataridiscounts.com	2		
cornell.edu	2		
soundvision.com	2		
emiratesdiary.com	2		
canadainternational.gc.ca	2		
labradorfriends.com	2		
canadian-passport-support.com	2		
tripadvisor.co.nz	2		
verywell.com	2		
vanityfair.com	2		
nafsa.org	2		
gaijinpot.com	2		
motherearthnews.com	2		
nypost.com	2		
githubusercontent.com	2		
snapdeal.com	2		
petfinder.com	2		
nhs.uk	2		
learn4good.com	2		
bbc.com	2		
genealogy.com	2		
isitnormal.com	2		
doha.news	2		
interexchange.org	2		
slate.com	2		
cousincouples.com	2		
paperzz.com	2		
australia-migration.com	2		
telco2.net	2		
nsw.gov.au	2		
gizmodo.com	2		
danielpipes.org	2		
healthwyze.org	2		
uline.com	2		
gastropoda.com	2		
waxphilosophical.com	2		
saudi-expatriates.com	2		
immigratetoamerica.org	2		
chase.com	2		
expatandoffshore.com	2		
mofa.gov.ae	2		
redbull.com	2		
thedailybeast.com	2		
familysearch.org	2		
montclair.edu	2		
wallpaper4k.com	2		
excite.com	2		
catholicexchange.com	2		
alrayan.com	2		
albawaba.com	2		
thepeninsulaqatar.com	2		
in.gov	2		
rentalcars.com	2		
fifa.com	2		
globalhds.co.uk	2		
bccvisalaw.com	2		
barchart.com	1		
abudhabi.com	1		
bl.uk	1		
scot.nhs.uk	1		
allpaws.com	1		
my-kerala.com	1		
sutrahr.com	1		
ccsenet.org	1		
decodedscience.org	1		
whatreallyhappened.com	1		
jobs-in-gulf.com	1		
mdtravelhealth.com	1		
supplementcritique.com	1		
ediplomat.com	1		
oilprice.com	1		
dataflowgroup.com	1		
hodo.in	1		
slacker.com	1		
expatica.com	1		
quantstart.com	1		
pacificprime.com	1		
homestars.com	1		
kalkifashion.com	1		
masterthemedia.com	1		
fes.de	1		
uralpravo.ru	1		
voiceofeast.net	1		
svabhinava.org	1		
daybreak-nu.com	1		
deliciousbaby.com	1		
tss.qld.edu.au	1		
themadtraveler.com	1		
ice.gov	1		
qcb.gov.qa	1		
gdi.com.qa	1		
aarp.org	1		
hasbro.com	1		
boots.com	1		
black-iris.com	1		
australia.com	1		
drpribut.com	1		
keralavoyagers.com	1		
coursehero.com	1		
allstate.com	1		
usefulenglish.ru	1		
immigroup.com	1		
interviewlist.com	1		
addresscustomerservicecenternumber.com	1		
itipping.com	1		
dinodirect.com	1		
kent.ac.uk	1		
questdiagnostics.com	1		
hccs.edu	1		
topcoder.com	1		
tesfanews.net	1		
autism-pdd.net	1		
liversupport.com	1		
berkeley.edu	1		
oqic.com	1		
flightattendantclub.com	1		
drugwatch.com	1		
countrycallingcodes.com	1		
foxnews.com	1		
huffingtonpost.in	1		
customerservicecontactphonenumber.com	1		
oakroadsystems.com	1		
philembassy.no	1		
apieceofrainbow.com	1		
healthcarestudies.com	1		
ananova.com	1		
aish.com	1		
johncatt.com	1		
explorra.com	1		
katehon.com	1		
aol.com	1		
change.org	1		
landmarkbank.com	1		
consumerredressal.com	1		
openoffice.org	1		
saudiairlines.com	1		
mapsplugin.com	1		
pilotjobsnetwork.com	1		
ptsupply.us	1		
blogspot.in	1		
traxxas.com	1		
adaptnetwork.com	1		
guidancesoftware.com	1		
pjmedia.com	1		
idlun.com	1		
hmc.org.qa	1		
dona.org	1		
soapboxie.com	1		
cdscoman.org	1		
sdsu.edu	1		
libyauprisingarchive.com	1		
iphonehacks.com	1		
officereality.co.uk	1		
covenanteyes.com	1		
autoeurope.com	1		
buysend.com	1		
swarthmore.edu	1		
arizona.edu	1		
bulkpowders.co.uk	1		
osti.gov	1		
hws.edu	1		
alarabiya.net	1		
seasonedhomemaker.com	1		
inhaa.org	1		
pnet.co.za	1		
physicsforums.com	1		
sareez.com	1		
immigration.gov.lk	1		
dartmouth.edu	1		
aspireadventurerunning.com	1		
fanack.com	1		
dmv.com	1		
bookit.com	1		
couponcamp.com	1		
hpsc.ie	1		
synergiedentaire.com	1		
humanrightsattorney.com	1		
which.co.uk	1		
muslimvillage.com	1		
hhrjournal.org	1		
vrbo.com	1		
roguefitness.com	1		
retractionwatch.com	1		
hardrock.com	1		
tradeindia.com	1		
americanbar.org	1		
upenn.edu	1		
forbes.com	1		
dantezamuner.it	1		
mom.gov.sg	1		
dogsrkings.com	1		
mythreecents.com	1		
suburbanextensions.com	1		
inspirational-travel.com	1		
vietnam-evisa.org	1		
india.com	1		
anagramgenius.com	1		
commentarymagazine.com	1		
southwest.com	1		
reason.com	1		
foreignpolicy.com	1		
globefeed.com	1		
yougotagift.com	1		
aljariyat.net	1		
serverdensity.com	1		
familiprix.com	1		
immigrationcanada.pro	1		
statefarm.com	1		
entitymag.com	1		
trendy16.com	1		
airbnb.com.au	1		
osha.gov	1		
ipsnews.net	1		
examine.com	1		
aihw.gov.au	1		
skype.com	1		
timeshighereducation.com	1		
ycombinator.com	1		
panarabiaenquirer.com	1		
timeoutdoha.com	1		
beattraffictickets.com	1		
congress.gov	1		
marketplace.org	1		
airbnb.co.uk	1		
islamqa.info	1		
advanceamerica.net	1		
maxi-cosi.com	1		
colorado.gov	1		
verizon.com	1		
bupa.com.au	1		
thepetitionsite.com	1		
nyu.edu	1		
nj.gov	1		
daum.net	1		
ciaworldfactbook.us	1		
plannedparenthood.org	1		
walkjogrun.net	1		
zawaj.com	1		
pearltrees.com	1		
emiratesgroupcareers.com	1		
thevacationgals.com	1		
targetjobs.co.uk	1		
lagoonamall.com	1		
olympic.qa	1		
schools-wikipedia.org	1		
wa.gov	1		
clements.com	1		
challies.com	1		
artofliving.org	1		
themedicalbiochemistrypage.org	1		
nationwide.com	1		
movetotasmania.com.au	1		
salon.com	1		
swedenabroad.com	1		
spca.bc.ca	1		
smart.com.ph	1		
dohagoals.com	1		
visabureau.com	1		
workcoachcafe.com	1		
opportunitystudies.org	1		
dha.gov.za	1		
honeywell.com	1		
akdart.com	1		
mylittlenomads.com	1		
brookings.edu	1		
wisdomjobsgulf.com	1		
superofficialnews.com	1		
usembassy.gov	1		
tesla.com	1		
publicradio.org	1		
stitcher.com	1		
cms.gov	1		
dohamums.com	1		
wikimapia.org	1		
tolovehonorandvacuum.com	1		
steampowered.com	1		
eslcafe.com	1		
foxnomad.com	1		
sportscorner.qa	1		
dietspotlight.com	1		
completenutrition.com	1		
dohabank.qa	1		
mydocumentedlife.org	1		
washingtonsblog.com	1		
studylink.com	1		
todayifoundout.com	1		
hemenmp3dinle.xyz	1		
airticket-today.com	1		
reviewjournal.com	1		
drhomeo.com	1		
dubaiforums.com	1		
expat.or.id	1		
acoupleofputts.com	1		
velmafrye.com	1		
meetup.com	1		
digi.com.my	1		
jps.net	1		
yucalandia.com	1		
20somethingfinance.com	1		
scienceblogs.com	1		
qmotion.com.qa	1		
nasdaq.com	1		
rt.com	1		
blueabaya.com	1		
europa.eu	1		
ducks.org	1		
middle-east-online.com	1		
qatar-tribune.com	1		
thepoliticalinsider.com	1		
gulfjobvacancy.com	1		
meemetmanuel.nl	1		
bermuda-attractions.com	1		
sristi.org	1		
whalecottage.com	1		
fanfiction.net	1		
vaccinesafety.edu	1		
globalresearch.ca	1		
gowrikumar.com	1		
kalyanjewellers.net	1		
quiznos.com	1		
unicef.org	1		
retrieveafriend.org	1		
dictionary.com	1		
morganmckinley.co.uk	1		
evopg.com	1		
islamicbulletin.org	1		
navyfederal.org	1		
concreteinstitute.com.au	1		
dom-shop.ru	1		
uae-embassy.ae	1		
couriermail.com.au	1		
flydubai.com	1		
interface.edu.pk	1		
bookvip.com	1		
philstar.com	1		
brandsouthafrica.com	1		
industrialinjection.com	1		
oxy.com	1		
furniture-me.com	1		
desmet.tv	1		
sundayguardianlive.com	1		
cntraveler.com	1		
imanet.org	1		
ovsa.us	1		
executivestyle.com.au	1		
writetheworld.com	1		
lrr.org	1		
parl.gc.ca	1		
cam.ac.uk	1		
kompas.com.pl	1		
globolister.com	1		
timesofindia.com	1		
southeastgermanshepherdrescue.com	1		
lu.lv	1		
qatarnationalday.qa	1		
220-electronics.com	1		
wonkette.com	1		
flightsearch-now.com	1		
lazymanandmoney.com	1		
codysfriendsrescue.com	1		
thejapans.org	1		
cbp.gov	1		
customercarecontacts.com	1		
runningtheglobe.com	1		
gethuman.com	1		
cignaglobal.com	1		
tbonline.info	1		
mkgandhi.org	1		
nhanow.com	1		
unige.ch	1		
namibian.com.na	1		
cartalk.com	1		
jobsandcareer.com	1		
the-scientist.com	1		
bahamashclondon.net	1		
windowsphone.com	1		
irs.gov	1		
wikibooks.org	1		
moderndogmagazine.com	1		
clickenq.jp	1		
shutterstock.com	1		
costco.com	1		
ibrahparadigm.com.my	1		
pewresearch.org	1		
tinamuir.com	1		
bangla-sydney.com	1		
workpermit.com	1		
nwaonline.com	1		
us-immigration.com	1		
capitalgazette.com	1		
flatseats.com	1		
espnfc.us	1		
wizkids.com	1		
kuwaitiah.net	1		
aa.co.za	1		
ventworld.com	1		
avjobs.com	1		
janetlansbury.com	1		
intmedpress.com	1		
livingingreece.gr	1		
potosi.gob.bo	1		
brainyquote.com	1		
fco.gov.uk	1		
harvard.edu	1		
cloudfront.net	1		
aspireacademy.ro	1		
healthychildren.org	1		
toughnickel.com	1		
adoptapet.com	1		
justagirlandherblog.com	1		
moz.com	1		
maplandia.com	1		
meangrrrls.com	1		
canadianimmigrant.ca	1		
qsaudi.com	1		
travelmasti.com	1		
genetic-genealogy.co.uk	1		
conferenceseries.com	1		
weaselzippers.us	1		
thecreasmanexperience.com	1		
immigration.govt.nz	1		
hepatitisaustralia.com	1		
butler.edu	1		
python.org	1		
nature.com	1		
easyburnfatfast.com	1		
ama-assn.org	1		
ltce.com	1		
costhelper.com	1		
democracynow.org	1		
wikivisually.com	1		
strategic-culture.org	1		
orbitz.com	1		
vday.org	1		
wustl.edu	1		
newsy.com	1		
productivemuslim.com	1		
autopartswarehouse.com	1		
zazzle.com	1		
torrshield.com	1		
sulzer.com	1		
drivearabia.com	1		
sagepub.com	1		
thebody.com	1		
surveymonkey.com	1		
zjie.net	1		
expatedna.com	1		
anantara.com	1		
myimprov.com	1		
racv.com.au	1		
wiserwaitress.com	1		
ecocatholic.co.kr	1		
johnmason.com	1		
state.mn.us	1		
channel4.com	1		
dohafamily.com	1		
visit-kuwait.com	1		
greenstreetrecords.net	1		
eater.com	1		
revolvy.com	1		
hilarymiles.com	1		
kreiling.tk	1		
3-form.com	1		
internationalsos.com	1		
aclweb.org	1		
avert.org	1		
golynx.com	1		
rheumatoidarthritisguy.com	1		
nhsq.info	1		
dtz.com	1		
moneyunder30.com	1		
growingleaders.com	1		
theislamicmonthly.com	1		
blackboard.com	1		
bodybuilding.com	1		
loanmall.ae	1		
babycenter.in	1		
contracthireandleasing.com	1		
upmc.com	1		
mintpressnews.com	1		
edmodo.com	1		
blood.co.uk	1		
airlinequality.com	1		
blinds.com	1		
silk.co	1		
jbc.org	1		
mybloogle.com	1		
shippingtoksa.com	1		
dohabayrunningclub.com	1		
usnews.com	1		
guide2dubai.com	1		
proyectos-agropecuarios.com	1		
malehelptreatment.com	1		
daviddavislaw.com	1		
fashiontvplus.com	1		
taradaramadeit.com	1		
spirit.com	1		
revues.org	1		
guru.com	1		
tatadocomo.com	1		
moi.gov.qa	1		
mowasalat.com	1		
ilo.org	1		
universalteacher.org.uk	1		
thrillist.com	1		
hkchcc.org	1		
visit-croatia.co.uk	1		
monicaselessite.com	1		
xhamster.com	1		
romanatwood.com	1		
weightlossplansi.com	1		
bethematch.org	1		
airportcuba.net	1		
aap.org	1		
rmkv.com	1		
veteransunited.com	1		
yellowpages.com	1		
ucsf.edu	1		
southafrica-newyork.net	1		
jabong.com	1		
chevron.com	1		
goodnewsnetwork.org	1		
easyexpat.com	1		
gingerandscotch.com	1		
1d4chan.org	1		
pa.gov	1		
travelindependent.info	1		
wanderlust.co.uk	1		
seetickets.com	1		
lifehacker.com	1		
missionislam.com	1		
wdwinfo.com	1		
beachesresorts.co.uk	1		
mssrf.org	1		
umaine.edu	1		
awesomeshityoucanbuy.com	1		
mercer.com	1		
hooyou.com	1		
wayn.com	1		
nypl.org	1		
landstar.com	1		
sbcounty.gov	1		
vfsglobal.com	1		
idltravel.com	1		
markpetersonphotography.com	1		
flooranddecor.com	1		
medicines.org.uk	1		
worldtravelguide.net	1		
familyfriendpoems.com	1		
queensu.ca	1		
wwhidoha.com	1		
inbali.org	1		
innercitypress.com	1		
millenniumhotels.com	1		
dxa-hotels.com	1		
pgcc.edu	1		
mepei.com	1		
entrepreneur.com	1		
ustraveldocs.com	1		
hays.com	1		
101cookbooks.com	1		
graduate-jobs.com	1		
tutorialspoint.com	1		
alternativemanhealth.com	1		
trucktrend.com	1		
oasiscars.net	1		
etihad.com	1		
apartmentratings.com	1		
flef.org	1		
phipages.com	1		
gatestoneinstitute.org	1		
springer.com	1		
lymphomation.org	1		
travelchinaguide.com	1		
heraldextra.com	1		
renkus-heinz.com	1		
webmath.com	1		
jamanetwork.com	1		
asics.com	1		
iowa.gov	1		
nairaland.com	1		
deloitte.com	1		
apnchanger.org	1		
nawcj.org	1		
tbccint.com	1		
inspiredkitchendesign.com	1		
photofunia.com	1		
tasteofhome.com	1		
petersons.com	1		
brothersjuddblog.com	1		
unnatisilks.com	1		
icassociation.co.uk	1		
jetairways.com	1		
gulfbase.com	1		
careersinpoland.com	1		
atlantalabrescue.com	1		
biglistofwebsites.com	1		
juicybomb.com	1		
geo-smart-services.com	1		
canonlawmadeeasy.com	1		
naukrigulf.com	1		
onbeing.org	1		
supplementreviews.com	1		
kalyansilks.com	1		
bruncheo.com	1		
dalu-c.ch	1		
businessinsider.com	1		
ledelektro.cz	1		
migrationexpert.co.uk	1		
themodernhomestead.us	1		
bharchitects.com	1		
torrentz.eu	1		
denverpost.com	1		
doha-expat.com	1		
imore.com	1		
vanderbilt.edu	1		
bayt.com	1		
devicerandom.org	1		
livejournal.com	1		
famguardian.org	1		
lega-z.com	1		
welcomeqatar.com	1		
tvtropes.org	1		
flightattendantcentral.com	1		
sprint.com	1		
lsionline.co.uk	1		
bookkeepingaccounting.co.uk	1		
ahlihospital.com	1		
majorgolflesson.com	1		
triplepundit.com	1		
europuppy.com	1		
dailytelegraph.com.au	1		
askthepilot.com	1		
mcrg.ac.in	1		
glassdoor.co.uk	1		
handsfreeinfo.com	1		
capecodonline.com	1		
google.co.in	1		
jupitered.com	1		
usenet.nl	1		
jihadwatch.org	1		
almanac.com	1		
myprivatetutor.qa	1		
rigjb.com	1		
nettyroyal.nl	1		
biomedcentral.com	1		
lehigh.edu	1		
qib.com.qa	1		
fjbuilding.com	1		
researchgate.net	1		
mixeduperic.com	1		
credit.com	1		
canadianvisaexpert.com	1		
psu.edu	1		
philippineembassy-usa.org	1		
careerjet.com.kw	1		
ecfmg.org	1		
sputniknews.com	1		
studylondon.ac.uk	1		
go.com	1		
qf.org.qa	1		
conns.com	1		
timeskuwait.com	1		
moving.com	1		
verizonwireless.com	1		
toyotarentacar.net	1		
itfglobal.org	1		
snopes.com	1		
englishclub.com	1		
goerie.com	1		
chinasmack.com	1		
craftsvilla.com	1		
shipoverseas.com	1		
utah.gov	1		
jobs.ac.uk	1		
sandierpastures.com	1		
jezebel.com	1		
visiticeland.com	1		
silkor.com	1		
airbnb.es	1		
gatesofvienna.net	1		
dumbscientist.com	1		
drivinguniversity.com	1		
airlinereporter.com	1		
revware.net	1		
diabetes-symptoms-type2.com	1		
tuftsmedicalcenter.org	1		
labradorrescue.net	1		
health.mil	1		
salarylist.com	1		
afwm.org	1		
mofa.gov.bh	1		
alsafaroyalsuites.com	1		
option.com	1		
etiquettescholar.com	1		
comfortisforwimps.com	1		
rac.com.au	1		
foolmoon.com	1		
seattlepi.com	1		
dubaiofw.com	1		
legalcentre.org	1		
qatarscoop.com	1		
sky.com	1		
ibtimes.co.uk	1		
everydayhealth.com	1		
cacklehatchery.com	1		
netdoctor.co.uk	1		
hfza.ae	1		
weightlossdietc.com	1		
kuwaitup2date.com	1		
state.nm.us	1		
nd.gov	1		
emedicinehealth.com	1		
artforum.com	1		
hotwire.com	1		
premera.com	1		
geektime.com	1		
publicintegrity.org	1		
collegegrad.com	1		
atpworldtour.com	1		
manta.com	1		
typepad.com	1		
bwint.org	1		
mirror.co.uk	1		
iihs.org	1		
necoinc.com	1		
hivguidelines.org	1		
teachforamerica.org	1		
migrantsrights.org.uk	1		
jwdred.com	1		
schoolhealth.com	1		
foodformenhealth.com	1		
interfraud.org	1		
uswitch.com	1		
awate.com	1		
selfhacked.com	1		
scirp.org	1		
prankdial.com	1		
dc.gov	1		
autoanything.com	1		
allwomenstalk.com	1		
raleighmasjid.org	1		
worldsoccershop.com	1		
dfs.com	1		
arstechnica.com	1		
kyhumane.org	1		
elliott.org	1		
mn.gov	1		
tomshardware.com	1		
tvdeal.in	1		
thepowerhour.com	1		
immigration.gov.fj	1		
fav-store.net	1		
trustedchoice.com	1		
al-bab.com	1		
github.com	1		
documents.tips	1		
mic.com	1		
illinois.gov	1		
ahlanlive.com	1		
walmart.com	1		
hotels-foh.com	1		
mcpsweb.org	1		
cheapflights.com	1		
schools.com	1		
gdlrr.org	1		
innerbody.com	1		
alltop.com	1		
newquayvoice.co.uk	1		
runnersworld.com	1		
uksbs.co.uk	1		
mobal.com	1		
tul.cz	1		
paypal.com	1		
espncricinfo.com	1		
greencardlawyers.com	1		
419scam.org	1		
eritreadaily.net	1		
bloombergview.com	1		
flashbox.co.il	1		
turntoislam.com	1		
iiarjournals.org	1		
drugs-forum.com	1		
answers.com	1		
canada-da.com	1		
historyscoper.com	1		
dallasnews.com	1		
npr.org	1		
syracuse.com	1		
heroplay.com	1		
blurofinsanity.com	1		
courant.com	1		
nda.agric.za	1		
ciee.org	1		
exboyfriendrecovery.com	1		
ahlibank.com.qa	1		
livinginsaudiarabia.org	1		
fansided.com	1		
askamanager.org	1		
docplayer.net	1		
qatartribuneepaper.qa	1		
mulpix.com	1		
rd.com	1		
studentdoctor.net	1		
chevronfcu.org	1		
outsideonline.com	1		
rollingstone.com	1		
inquisitr.com	1		
floridahealth.gov	1		
babytown.com	1		
nannytata.com	1		
legalzoom.com	1		
citizensadvice.org.uk	1		
topshop.com	1		
labrescue.org	1		
japaneseruleof7.com	1		
postgraduateforum.com	1		
guidewithme.com	1		
campaignme.com	1		
agencyfish.com	1		
buhaykorea.com	1		
itsracetime.com	1		
goodwood.com	1		
creepyed.com	1		
aspire-academy.org	1		
tabletmag.com	1		
mirraw.com	1		
larimer.co.us	1		
liveindia.com	1		
expatdoctormom.com	1		
learn.org	1		
breitbart.com	1		
ezinemark.com	1		
prospects.ac.uk	1		
supercub.org	1		
moo.com	1		
ihackintosh.com	1		
platnykatalog.pl	1		
ucsd.edu	1		
truth-out.org	1		
virtualtourist.com	1		
goodmenproject.com	1		
msf-usa.org	1		
airbnb.fr	1		
mentalfloss.com	1		
escortradar.com	1		
caradvice.com.au	1		
virginatlantic.com	1		
reesewmiller.com	1		
aps.org	1		
latinamericanbn.com	1		
shareaction.org	1		
discovermagazine.com	1		
muslimmatters.org	1		
airlinestaffrates.com	1		
civilservicesstrategist.com	1		
newsweek.com	1		
thebillfold.com	1		
bodypositive.org.nz	1		
explorable.com	1		
therevival.co.uk	1		
boingboing.net	1		
evisa.gov.bh	1		
france-moyenorient.com	1		
ey.com	1		
babycenter.com	1		
makeameme.org	1		
hihealth.com	1		
millionmilesecrets.com	1		
newgrounds.com	1		
idealist.org	1		
icicibank.com	1		
brainchildmag.com	1		
gurl.com	1		
uniprot.org	1		
araratinternational.com	1		
osn.com	1		
ulsterhose5.org	1		
animaltransportationassociation.org	1		
findingberlin.com	1		
auditmypc.com	1		
rentonwa.gov	1		
solveyourtech.com	1		
gahighwaysafety.org	1		
satyapaul.com	1		
labour.gov.za	1		
surrey.ac.uk	1		
glassdoor.com.au	1		
mitsubishi-motors.ca	1		
puppyfinder.com	1		
dcrainmaker.com	1		
qatariweb.com	1		
dramabeans.com	1		
chalicemedia.us	1		
hardees.com	1		
desertspeak.com	1		
atkinsglobal.com	1		
thyroidmanager.org	1		
tennessee.edu	1		
ft.com	1		
dubai-online.com	1		
counterfeitchic.com	1		
onesimcard.com	1		
timeoutbahrain.com	1		
drmelaniebee.org	1		
djournal.com	1		
crownrelo.com	1		
informationclearinghouse.info	1		
arcadis.com	1		
inspirock.com	1		
travelstart.co.za	1		
gondolania.com	1		
allrecipes.com	1		
eventbrite.com	1		
ccmi.com	1		
biomedsearch.com	1		
imwong.com	1		
medlineplus.gov	1		
templeton.org	1		
worlddayofremembrance.org	1		
instructables.com	1		
theblaze.com	1		
overstock.com	1		
c0.pl	1		
qataryouthgaa.com	1		
hvvaul.ru	1		
catnaps.org	1		
tolexo.com	1		
tes.com	1		
nation.sc	1		
adidas.com	1		
kinesix.com	1		
roughguides.com	1		
westminster.gov.uk	1		
gettingdownunder.com	1		
tvcmatrix.com	1		
articlesbase.com	1		
profellow.com	1		
aids.gov	1		
johnhoffmann.net	1		
electricliterature.com	1		
medium.com	1		
drshem.com	1		
howstuffworks.com	1		
al-akhbar.com	1		
hotforum.nl	1		
mayoclinic.org	1		
finder.com.au	1		
aspirehull.com	1		
tudelft.nl	1		
tripadvisor.co.za	1		
dohastadiumplusqatar.com	1		
oman-oil.com	1		
ibiblio.org	1		
justdineqatar.com	1		
bc.edu	1		
bidd.org.rs	1		
blakeshelton.com	1		
jennifermargulis.net	1		
maxim.com	1		
groupon.com	1		
motc.gov.qa	1		
cqpress.com	1		
moyerinstruments.com	1		
nursinglicensure.org	1		
wtop.com	1		
deals2buy.com	1		
sussextravelclinic.com	1		
hsbc.com.eg	1		
insideflyer.com	1		
emperors-seed.com	1		
fodors.com	1		
irishtimes.com	1		
msn.com	1		
citizensinformation.ie	1		
heraldsun.com.au	1		
refworld.org	1		
embarrassingproblems.com	1		
consulfrance-washington.org	1		
theaa.ie	1		
china-in-arabic.com	1		
unionbank.com	1		
mywanderlust.pl	1		
time.gov	1		
todaysdietitian.com	1		
umsl.edu	1		
pwc.com	1		
alternet.org	1		
whattoexpect.com	1		
today.com	1		
dodlive.mil	1		
fairfaxcounty.gov	1		
livinginegypt.org	1		
englishforum.ch	1		
fepblue.org	1		
marriagemissions.com	1		
festivalcitydoha.com	1		
211ct.org	1		
cgdev.org	1		
barcampistanbul.com	1		
myntra.com	1		
newrepublic.com	1		
bankofamerica.com	1		
backyardchickens.com	1		
threemanycooks.com	1		
etisalat.lk	1		
shop4funds.co.uk	1		
mississauga.com	1		
senate.gov.pk	1		
edreams.co.uk	1		
visitkievukraine.com	1		
foodnetwork.com	1		
intuit.com	1		
valuepenguin.com	1		
militarybases.com	1		
sec.gov	1		
ricksteves.com	1		
nowboxing.com	1		
cbhs.com.au	1		
freep.com	1		
amazonaws.com	1		
london.edu	1		
3mae.ae	1		
boundless.com	1		
raleighnc.gov	1		
americanexpress.com	1		
sunysb.edu	1		
thepinktarha.com	1		
astmh.org	1		
unmillenniumproject.org	1		